{
    "mae": 3.802650472689075,
    "mse": 70.45933418746736,
    "rmse": 8.394005848667689,
    "r2_score": 0.7501226241522916
}