{
    "mae": 3.8472007352941175,
    "mse": 67.7739152736438,
    "rmse": 8.23249143781175,
    "r2_score": 0.7596462087699474
}